accel_id,message,HLA_A_type1,HLA_A_type2,LossAllele,KeptAllele
A114,homozygous_alleles_not_implemented;,hla_a_02_01_01,hla_a_02_01_01,NA,NA
A114,analysis_completed,hla_b_07_02_01,hla_b_44_02_01,hla_b_44_02_01,hla_b_07_02_01
A114,analysis_completed,hla_c_05_01_01,hla_c_07_02_01,hla_c_05_01_01,hla_c_07_02_01
A115,analysis_completed,hla_a_01_01_01,hla_a_02_01_01,hla_a_01_01_01,hla_a_02_01_01
A115,analysis_completed,hla_b_07_02_01,hla_b_08_01_01,hla_b_08_01_01,hla_b_07_02_01
A115,no_position_sufficiently_covered_in_normal,hla_c_07_01_01,hla_c_07_02_01,NA,NA
A116,analysis_completed,hla_a_01_01_01,hla_a_11_01_01,hla_a_01_01_01,hla_a_11_01_01
A116,analysis_completed,hla_b_27_05_01,hla_b_57_01_01,hla_b_57_01_01,hla_b_27_05_01
A116,analysis_completed,hla_c_01_02_01,hla_c_07_01_01,NA,NA
A117,analysis_completed,hla_a_01_01_01,hla_a_03_01_01,hla_a_03_01_01,hla_a_01_01_01
A117,analysis_completed,hla_b_08_01_01,hla_b_40_01_01,hla_b_40_01_01,hla_b_08_01_01
A117,analysis_completed,hla_c_03_04_01,hla_c_07_01_01,hla_c_03_04_01,hla_c_07_01_01
A118,homozygous_alleles_not_implemented;,hla_a_02_01_01,hla_a_02_01_01,NA,NA
A118,analysis_completed,hla_b_07_02_01,hla_b_51_01_01,hla_b_51_01_01,hla_b_07_02_01
A118,analysis_completed,hla_c_07_02_01,hla_c_14_76_01,hla_c_07_02_01,hla_c_14_76_01
A119,analysis_completed,hla_a_01_01_01,hla_a_31_01_01,hla_a_31_01_01,hla_a_01_01_01
A119,analysis_completed,hla_b_08_01_01,hla_b_40_01_01,hla_b_40_01_01,hla_b_08_01_01
A119,analysis_completed,hla_c_03_04_01,hla_c_07_01_01,hla_c_03_04_01,hla_c_07_01_01
A120,analysis_completed,hla_a_01_01_01,hla_a_02_01_01,hla_a_01_01_01,hla_a_02_01_01
A120,analysis_completed,hla_b_08_01_01,hla_b_44_02_01,hla_b_44_02_01,hla_b_08_01_01
A120,analysis_completed,hla_c_05_01_01,hla_c_07_01_01,hla_c_07_01_01,hla_c_05_01_01
A133,analysis_completed,hla_a_02_01_01,hla_a_11_01_01,hla_a_02_01_01,hla_a_11_01_01
A133,analysis_completed,hla_b_07_02_01,hla_b_44_02_01,hla_b_44_02_01,hla_b_07_02_01
A133,analysis_completed,hla_c_05_01_01,hla_c_07_02_01,hla_c_07_02_01,hla_c_05_01_01
A134,homozygous_alleles_not_implemented;,hla_a_01_01_01,hla_a_01_01_01,NA,NA
A134,analysis_completed,hla_b_08_01_01,hla_b_44_03_01,hla_b_08_01_01,hla_b_44_03_01
A134,analysis_completed,hla_c_07_01_01,hla_c_16_01_01,hla_c_16_01_01,hla_c_07_01_01
A136,analysis_completed,hla_a_02_01_01,hla_a_11_01_01,hla_a_11_01_01,hla_a_02_01_01
A136,analysis_completed,hla_b_35_01_01,hla_b_39_01_01,hla_b_39_01_01,hla_b_35_01_01
A136,analysis_completed,hla_c_04_01_01,hla_c_12_03_01,hla_c_12_03_01,hla_c_04_01_01
A137,analysis_completed,hla_a_02_01_01,hla_a_03_01_01,hla_a_03_01_01,hla_a_02_01_01
A137,analysis_completed,hla_b_08_01_01,hla_b_27_05_01,hla_b_08_01_01,hla_b_27_05_01
A137,analysis_completed,hla_c_02_02_01,hla_c_07_01_01,hla_c_02_02_01,hla_c_07_01_01
A140,analysis_completed,hla_a_02_01_01,hla_a_32_01_01,hla_a_32_01_01,hla_a_02_01_01
A140,analysis_completed,hla_b_08_01_01,hla_b_18_01_01,hla_b_08_01_01,hla_b_18_01_01
A140,analysis_completed,hla_c_05_01_01,hla_c_07_01_01,hla_c_07_01_01,hla_c_05_01_01
A141,analysis_completed,hla_a_02_01_01,hla_a_31_01_01,hla_a_02_01_01,hla_a_31_01_01
A141,homozygous_alleles_not_implemented;,hla_b_40_01_01,hla_b_40_01_01,NA,NA
A141,homozygous_alleles_not_implemented;,hla_c_03_04_01,hla_c_03_04_01,NA,NA
A142,analysis_completed,hla_a_01_01_01,hla_a_32_01_01,hla_a_01_01_01,hla_a_32_01_01
A142,analysis_completed,hla_b_35_01_01,hla_b_57_01_01,hla_b_57_01_01,hla_b_35_01_01
A142,analysis_completed,hla_c_04_01_01,hla_c_06_02_01,NA,NA
A143,homozygous_alleles_not_implemented;,hla_a_02_01_01,hla_a_02_01_01,NA,NA
A143,analysis_completed,hla_b_08_01_01,hla_b_35_01_01,hla_b_08_01_01,hla_b_35_01_01
A143,analysis_completed,hla_c_04_01_01,hla_c_07_01_01,hla_c_07_01_01,hla_c_04_01_01
A144,analysis_completed,hla_a_01_01_01,hla_a_29_02_01,hla_a_01_01_01,hla_a_29_02_01
A144,no_position_sufficiently_covered_in_normal,hla_b_44_02_01,hla_b_44_04_01,NA,NA
A144,analysis_completed,hla_c_07_01_01,hla_c_16_01_01,hla_c_07_01_01,hla_c_16_01_01
A145,analysis_completed,hla_a_01_01_01,hla_a_24_02_01,hla_a_01_01_01,hla_a_24_02_01
A145,homozygous_alleles_not_implemented;,hla_b_08_01_01,hla_b_08_01_01,NA,NA
A145,homozygous_alleles_not_implemented;,hla_c_07_01_01,hla_c_07_01_01,NA,NA
A147,analysis_completed,hla_a_01_01_01,hla_a_02_01_01,hla_a_01_01_01,hla_a_02_01_01
A147,analysis_completed,hla_b_08_01_01,hla_b_44_02_01,hla_b_08_01_01,hla_b_44_02_01
A147,analysis_completed,hla_c_05_01_01,hla_c_07_01_01,hla_c_07_01_01,hla_c_05_01_01
A153,analysis_completed,hla_a_01_01_01,hla_a_02_01_01,hla_a_02_01_01,hla_a_01_01_01
A153,analysis_completed,hla_b_08_01_01,hla_b_40_01_01,hla_b_40_01_01,hla_b_08_01_01
A153,analysis_completed,hla_c_03_04_01,hla_c_07_01_01,hla_c_03_04_01,hla_c_07_01_01
